water_level_distance,pH_level,chlorine
0,0,0
0,0.1,0
0,0.2,0
0,0.3,0
0,0.4,0
0,0.5,0
0,0.6,0
0,0.7,0
0,0.8,0
0,0.9,0
0,1,0
0,1.1,0
0,1.2,0
0,1.3,0
0,1.4,0
0,1.5,0
0,1.6,0
0,1.7,0
0,1.8,0
0,1.9,0
0,2,0
0,2.1,0
0,2.2,0
0,2.3,0
0,2.4,0
0,2.5,0
0,2.6,0
0,2.7,0
0,2.8,0
0,2.9,0
0,3,0
0,3.1,0
0,3.2,0
0,3.3,0
0,3.4,0
0,3.5,0
0,3.6,0
0,3.7,0
0,3.8,0
0,3.9,0
0,4,0
0,4.1,0
0,4.2,0
0,4.3,0
0,4.4,0
0,4.5,0
0,4.6,0
0,4.7,0
0,4.8,0
0,4.9,0
0,5,0
0,5.1,0
0,5.2,0
0,5.3,0
0,5.4,0
0,5.5,0
0,5.6,0
0,5.7,0
0,5.8,0
0,5.9,0
0,6,0
0,6.1,0
0,6.2,0
0,6.3,0
0,6.4,0
0,6.5,0
0,6.6,0
0,6.7,0
0,6.8,0
0,6.9,0
0,7,0
0,7.1,0
0,7.2,0
0,7.3,0
0,7.4,0
0,7.5,0
0,7.6,0
0,7.7,0
0,7.8,0
0,7.9,0
0,8,0
0,8.1,0
0,8.2,0
0,8.3,0
0,8.4,0
0,8.5,0
0,8.6,0
0,8.7,0
0,8.8,0
0,8.9,0
0,9,0
0,9.1,0
0,9.2,0
0,9.3,0
0,9.4,0
0,9.5,0
0,9.6,0
0,9.7,0
0,9.8,0
0,9.9,0
0,10,0
0,10.1,0
0,10.2,0
0,10.3,0
0,10.4,0
0,10.5,0
0,10.6,0
0,10.7,0
0,10.8,0
0,10.9,0
0,11,0
0,11.1,0
0,11.2,0
0,11.3,0
0,11.4,0
0,11.5,0
0,11.6,0
0,11.7,0
0,11.8,0
0,11.9,0
0,12,0
0,12.1,0
0,12.2,0
0,12.3,0
0,12.4,0
0,12.5,0
0,12.6,0
0,12.7,0
0,12.8,0
0,12.9,0
0,13,0
0,13.1,0
0,13.2,0
0,13.3,0
0,13.4,0
0,13.5,0
0,13.6,0
0,13.7,0
0,13.8,0
0,13.9,0
0,14,0
5,0,2
5,0.1,2
5,0.2,2
5,0.3,2
5,0.4,2
5,0.5,2
5,0.6,2
5,0.7,2
5,0.8,2
5,0.9,2
5,1,2
5,1.1,2
5,1.2,2
5,1.3,2
5,1.4,2
5,1.5,2
5,1.6,2
5,1.7,2
5,1.8,2
5,1.9,2
5,2,2
5,2.1,2
5,2.2,2
5,2.3,2
5,2.4,2
5,2.5,2
5,2.6,2
5,2.7,2
5,2.8,2
5,2.9,2
5,3,2
5,3.1,2
5,3.2,2
5,3.3,2
5,3.4,2
5,3.5,2
5,3.6,2
5,3.7,2
5,3.8,2
5,3.9,2
5,4,2
5,4.1,2
5,4.2,2
5,4.3,2
5,4.4,2
5,4.5,2
5,4.6,2
5,4.7,2
5,4.8,2
5,4.9,2
5,5,2
5,5.1,2
5,5.2,2
5,5.3,2
5,5.4,2
5,5.5,2
5,5.6,2
5,5.7,2
5,5.8,2
5,5.9,2
5,6,2
5,6.1,2
5,6.2,2
5,6.3,2
5,6.4,2
5,6.5,2
5,6.6,2
5,6.7,2
5,6.8,2
5,6.9,2
5,7,2
5,7.1,2
5,7.2,2
5,7.3,2
5,7.4,2
5,7.5,2
5,7.6,2
5,7.7,2
5,7.8,2
5,7.9,2
5,8,0
5,8.1,0
5,8.2,0
5,8.3,0
5,8.4,0
5,8.5,0
5,8.6,0
5,8.7,0
5,8.8,0
5,8.9,0
5,9,0
5,9.1,0
5,9.2,0
5,9.3,0
5,9.4,0
5,9.5,0
5,9.6,0
5,9.7,0
5,9.8,0
5,9.9,0
5,10,0
5,10.1,0
5,10.2,0
5,10.3,0
5,10.4,0
5,10.5,0
5,10.6,0
5,10.7,0
5,10.8,0
5,10.9,0
5,11,0
5,11.1,0
5,11.2,0
5,11.3,0
5,11.4,0
5,11.5,0
5,11.6,0
5,11.7,0
5,11.8,0
5,11.9,0
5,12,0
5,12.1,0
5,12.2,0
5,12.3,0
5,12.4,0
5,12.5,0
5,12.6,0
5,12.7,0
5,12.8,0
5,12.9,0
5,13,0
5,13.1,0
5,13.2,0
5,13.3,0
5,13.4,0
5,13.5,0
5,13.6,0
5,13.7,0
5,13.8,0
5,13.9,0
5,14,0
10,0,3
10,0.1,3
10,0.2,3
10,0.3,3
10,0.4,3
10,0.5,3
10,0.6,3
10,0.7,3
10,0.8,3
10,0.9,3
10,1,3
10,1.1,3
10,1.2,3
10,1.3,3
10,1.4,3
10,1.5,3
10,1.6,3
10,1.7,3
10,1.8,3
10,1.9,3
10,2,3
10,2.1,3
10,2.2,3
10,2.3,3
10,2.4,3
10,2.5,3
10,2.6,3
10,2.7,3
10,2.8,3
10,2.9,3
10,3,3
10,3.1,3
10,3.2,3
10,3.3,3
10,3.4,3
10,3.5,3
10,3.6,3
10,3.7,3
10,3.8,3
10,3.9,3
10,4,3
10,4.1,3
10,4.2,3
10,4.3,3
10,4.4,3
10,4.5,3
10,4.6,3
10,4.7,3
10,4.8,3
10,4.9,3
10,5,3
10,5.1,3
10,5.2,3
10,5.3,3
10,5.4,3
10,5.5,3
10,5.6,3
10,5.7,3
10,5.8,3
10,5.9,3
10,6,3
10,6.1,3
10,6.2,3
10,6.3,3
10,6.4,3
10,6.5,3
10,6.6,3
10,6.7,3
10,6.8,3
10,6.9,3
10,7,3
10,7.1,3
10,7.2,3
10,7.3,3
10,7.4,3
10,7.5,3
10,7.6,3
10,7.7,3
10,7.8,3
10,7.9,3
10,8,0
10,8.1,0
10,8.2,0
10,8.3,0
10,8.4,0
10,8.5,0
10,8.6,0
10,8.7,0
10,8.8,0
10,8.9,0
10,9,0
10,9.1,0
10,9.2,0
10,9.3,0
10,9.4,0
10,9.5,0
10,9.6,0
10,9.7,0
10,9.8,0
10,9.9,0
10,10,0
10,10.1,0
10,10.2,0
10,10.3,0
10,10.4,0
10,10.5,0
10,10.6,0
10,10.7,0
10,10.8,0
10,10.9,0
10,11,0
10,11.1,0
10,11.2,0
10,11.3,0
10,11.4,0
10,11.5,0
10,11.6,0
10,11.7,0
10,11.8,0
10,11.9,0
10,12,0
10,12.1,0
10,12.2,0
10,12.3,0
10,12.4,0
10,12.5,0
10,12.6,0
10,12.7,0
10,12.8,0
10,12.9,0
10,13,0
10,13.1,0
10,13.2,0
10,13.3,0
10,13.4,0
10,13.5,0
10,13.6,0
10,13.7,0
10,13.8,0
10,13.9,0
10,14,0
15,0,4
15,0.1,4
15,0.2,4
15,0.3,4
15,0.4,4
15,0.5,4
15,0.6,4
15,0.7,4
15,0.8,4
15,0.9,4
15,1,4
15,1.1,4
15,1.2,4
15,1.3,4
15,1.4,4
15,1.5,4
15,1.6,4
15,1.7,4
15,1.8,4
15,1.9,4
15,2,4
15,2.1,4
15,2.2,4
15,2.3,4
15,2.4,4
15,2.5,4
15,2.6,4
15,2.7,4
15,2.8,4
15,2.9,4
15,3,4
15,3.1,4
15,3.2,4
15,3.3,4
15,3.4,4
15,3.5,4
15,3.6,4
15,3.7,4
15,3.8,4
15,3.9,4
15,4,4
15,4.1,4
15,4.2,4
15,4.3,4
15,4.4,4
15,4.5,4
15,4.6,4
15,4.7,4
15,4.8,4
15,4.9,4
15,5,4
15,5.1,4
15,5.2,4
15,5.3,4
15,5.4,4
15,5.5,4
15,5.6,4
15,5.7,4
15,5.8,4
15,5.9,4
15,6,4
15,6.1,4
15,6.2,4
15,6.3,4
15,6.4,4
15,6.5,4
15,6.6,4
15,6.7,4
15,6.8,4
15,6.9,4
15,7,4
15,7.1,4
15,7.2,4
15,7.3,4
15,7.4,4
15,7.5,4
15,7.6,4
15,7.7,4
15,7.8,4
15,7.9,4
15,8,0
15,8.1,0
15,8.2,0
15,8.3,0
15,8.4,0
15,8.5,0
15,8.6,0
15,8.7,0
15,8.8,0
15,8.9,0
15,9,0
15,9.1,0
15,9.2,0
15,9.3,0
15,9.4,0
15,9.5,0
15,9.6,0
15,9.7,0
15,9.8,0
15,9.9,0
15,10,0
15,10.1,0
15,10.2,0
15,10.3,0
15,10.4,0
15,10.5,0
15,10.6,0
15,10.7,0
15,10.8,0
15,10.9,0
15,11,0
15,11.1,0
15,11.2,0
15,11.3,0
15,11.4,0
15,11.5,0
15,11.6,0
15,11.7,0
15,11.8,0
15,11.9,0
15,12,0
15,12.1,0
15,12.2,0
15,12.3,0
15,12.4,0
15,12.5,0
15,12.6,0
15,12.7,0
15,12.8,0
15,12.9,0
15,13,0
15,13.1,0
15,13.2,0
15,13.3,0
15,13.4,0
15,13.5,0
15,13.6,0
15,13.7,0
15,13.8,0
15,13.9,0
15,14,0
20,0,4.5
20,0.1,4.5
20,0.2,4.5
20,0.3,4.5
20,0.4,4.5
20,0.5,4.5
20,0.6,4.5
20,0.7,4.5
20,0.8,4.5
20,0.9,4.5
20,1,4.5
20,1.1,4.5
20,1.2,4.5
20,1.3,4.5
20,1.4,4.5
20,1.5,4.5
20,1.6,4.5
20,1.7,4.5
20,1.8,4.5
20,1.9,4.5
20,2,4.5
20,2.1,4.5
20,2.2,4.5
20,2.3,4.5
20,2.4,4.5
20,2.5,4.5
20,2.6,4.5
20,2.7,4.5
20,2.8,4.5
20,2.9,4.5
20,3,4.5
20,3.1,4.5
20,3.2,4.5
20,3.3,4.5
20,3.4,4.5
20,3.5,4.5
20,3.6,4.5
20,3.7,4.5
20,3.8,4.5
20,3.9,4.5
20,4,4.5
20,4.1,4.5
20,4.2,4.5
20,4.3,4.5
20,4.4,4.5
20,4.5,4.5
20,4.6,4.5
20,4.7,4.5
20,4.8,4.5
20,4.9,4.5
20,5,4.5
20,5.1,4.5
20,5.2,4.5
20,5.3,4.5
20,5.4,4.5
20,5.5,4.5
20,5.6,4.5
20,5.7,4.5
20,5.8,4.5
20,5.9,4.5
20,6,4.5
20,6.1,4.5
20,6.2,4.5
20,6.3,4.5
20,6.4,4.5
20,6.5,4.5
20,6.6,4.5
20,6.7,4.5
20,6.8,4.5
20,6.9,4.5
20,7,4.5
20,7.1,4.5
20,7.2,4.5
20,7.3,4.5
20,7.4,4.5
20,7.5,4.5
20,7.6,4.5
20,7.7,4.5
20,7.8,4.5
20,7.9,4.5
20,8,0
20,8.1,0
20,8.2,0
20,8.3,0
20,8.4,0
20,8.5,0
20,8.6,0
20,8.7,0
20,8.8,0
20,8.9,0
20,9,0
20,9.1,0
20,9.2,0
20,9.3,0
20,9.4,0
20,9.5,0
20,9.6,0
20,9.7,0
20,9.8,0
20,9.9,0
20,10,0
20,10.1,0
20,10.2,0
20,10.3,0
20,10.4,0
20,10.5,0
20,10.6,0
20,10.7,0
20,10.8,0
20,10.9,0
20,11,0
20,11.1,0
20,11.2,0
20,11.3,0
20,11.4,0
20,11.5,0
20,11.6,0
20,11.7,0
20,11.8,0
20,11.9,0
20,12,0
20,12.1,0
20,12.2,0
20,12.3,0
20,12.4,0
20,12.5,0
20,12.6,0
20,12.7,0
20,12.8,0
20,12.9,0
20,13,0
20,13.1,0
20,13.2,0
20,13.3,0
20,13.4,0
20,13.5,0
20,13.6,0
20,13.7,0
20,13.8,0
20,13.9,0
20,14,0
25,0,5
25,0.1,5
25,0.2,5
25,0.3,5
25,0.4,5
25,0.5,5
25,0.6,5
25,0.7,5
25,0.8,5
25,0.9,5
25,1,5
25,1.1,5
25,1.2,5
25,1.3,5
25,1.4,5
25,1.5,5
25,1.6,5
25,1.7,5
25,1.8,5
25,1.9,5
25,2,5
25,2.1,5
25,2.2,5
25,2.3,5
25,2.4,5
25,2.5,5
25,2.6,5
25,2.7,5
25,2.8,5
25,2.9,5
25,3,5
25,3.1,5
25,3.2,5
25,3.3,5
25,3.4,5
25,3.5,5
25,3.6,5
25,3.7,5
25,3.8,5
25,3.9,5
25,4,5
25,4.1,5
25,4.2,5
25,4.3,5
25,4.4,5
25,4.5,5
25,4.6,5
25,4.7,5
25,4.8,5
25,4.9,5
25,5,5
25,5.1,5
25,5.2,5
25,5.3,5
25,5.4,5
25,5.5,5
25,5.6,5
25,5.7,5
25,5.8,5
25,5.9,5
25,6,5
25,6.1,5
25,6.2,5
25,6.3,5
25,6.4,5
25,6.5,5
25,6.6,5
25,6.7,5
25,6.8,5
25,6.9,5
25,7,5
25,7.1,5
25,7.2,5
25,7.3,5
25,7.4,5
25,7.5,5
25,7.6,5
25,7.7,5
25,7.8,5
25,7.9,5
25,8,0
25,8.1,0
25,8.2,0
25,8.3,0
25,8.4,0
25,8.5,0
25,8.6,0
25,8.7,0
25,8.8,0
25,8.9,0
25,9,0
25,9.1,0
25,9.2,0
25,9.3,0
25,9.4,0
25,9.5,0
25,9.6,0
25,9.7,0
25,9.8,0
25,9.9,0
25,10,0
25,10.1,0
25,10.2,0
25,10.3,0
25,10.4,0
25,10.5,0
25,10.6,0
25,10.7,0
25,10.8,0
25,10.9,0
25,11,0
25,11.1,0
25,11.2,0
25,11.3,0
25,11.4,0
25,11.5,0
25,11.6,0
25,11.7,0
25,11.8,0
25,11.9,0
25,12,0
25,12.1,0
25,12.2,0
25,12.3,0
25,12.4,0
25,12.5,0
25,12.6,0
25,12.7,0
25,12.8,0
25,12.9,0
25,13,0
25,13.1,0
25,13.2,0
25,13.3,0
25,13.4,0
25,13.5,0
25,13.6,0
25,13.7,0
25,13.8,0
25,13.9,0
25,14,0
30,0,5.5
30,0.1,5.5
30,0.2,5.5
30,0.3,5.5
30,0.4,5.5
30,0.5,5.5
30,0.6,5.5
30,0.7,5.5
30,0.8,5.5
30,0.9,5.5
30,1,5.5
30,1.1,5.5
30,1.2,5.5
30,1.3,5.5
30,1.4,5.5
30,1.5,5.5
30,1.6,5.5
30,1.7,5.5
30,1.8,5.5
30,1.9,5.5
30,2,5.5
30,2.1,5.5
30,2.2,5.5
30,2.3,5.5
30,2.4,5.5
30,2.5,5.5
30,2.6,5.5
30,2.7,5.5
30,2.8,5.5
30,2.9,5.5
30,3,5.5
30,3.1,5.5
30,3.2,5.5
30,3.3,5.5
30,3.4,5.5
30,3.5,5.5
30,3.6,5.5
30,3.7,5.5
30,3.8,5.5
30,3.9,5.5
30,4,5.5
30,4.1,5.5
30,4.2,5.5
30,4.3,5.5
30,4.4,5.5
30,4.5,5.5
30,4.6,5.5
30,4.7,5.5
30,4.8,5.5
30,4.9,5.5
30,5,5.5
30,5.1,5.5
30,5.2,5.5
30,5.3,5.5
30,5.4,5.5
30,5.5,5.5
30,5.6,5.5
30,5.7,5.5
30,5.8,5.5
30,5.9,5.5
30,6,5.5
30,6.1,5.5
30,6.2,5.5
30,6.3,5.5
30,6.4,5.5
30,6.5,5.5
30,6.6,5.5
30,6.7,5.5
30,6.8,5.5
30,6.9,5.5
30,7,5.5
30,7.1,5.5
30,7.2,5.5
30,7.3,5.5
30,7.4,5.5
30,7.5,5.5
30,7.6,5.5
30,7.7,5.5
30,7.8,5.5
30,7.9,5.5
30,8,0
30,8.1,0
30,8.2,0
30,8.3,0
30,8.4,0
30,8.5,0
30,8.6,0
30,8.7,0
30,8.8,0
30,8.9,0
30,9,0
30,9.1,0
30,9.2,0
30,9.3,0
30,9.4,0
30,9.5,0
30,9.6,0
30,9.7,0
30,9.8,0
30,9.9,0
30,10,0
30,10.1,0
30,10.2,0
30,10.3,0
30,10.4,0
30,10.5,0
30,10.6,0
30,10.7,0
30,10.8,0
30,10.9,0
30,11,0
30,11.1,0
30,11.2,0
30,11.3,0
30,11.4,0
30,11.5,0
30,11.6,0
30,11.7,0
30,11.8,0
30,11.9,0
30,12,0
30,12.1,0
30,12.2,0
30,12.3,0
30,12.4,0
30,12.5,0
30,12.6,0
30,12.7,0
30,12.8,0
30,12.9,0
30,13,0
30,13.1,0
30,13.2,0
30,13.3,0
30,13.4,0
30,13.5,0
30,13.6,0
30,13.7,0
30,13.8,0
30,13.9,0
30,14,0
35,0,6
35,0.1,6
35,0.2,6
35,0.3,6
35,0.4,6
35,0.5,6
35,0.6,6
35,0.7,6
35,0.8,6
35,0.9,6
35,1,6
35,1.1,6
35,1.2,6
35,1.3,6
35,1.4,6
35,1.5,6
35,1.6,6
35,1.7,6
35,1.8,6
35,1.9,6
35,2,6
35,2.1,6
35,2.2,6
35,2.3,6
35,2.4,6
35,2.5,6
35,2.6,6
35,2.7,6
35,2.8,6
35,2.9,6
35,3,6
35,3.1,6
35,3.2,6
35,3.3,6
35,3.4,6
35,3.5,6
35,3.6,6
35,3.7,6
35,3.8,6
35,3.9,6
35,4,6
35,4.1,6
35,4.2,6
35,4.3,6
35,4.4,6
35,4.5,6
35,4.6,6
35,4.7,6
35,4.8,6
35,4.9,6
35,5,6
35,5.1,6
35,5.2,6
35,5.3,6
35,5.4,6
35,5.5,6
35,5.6,6
35,5.7,6
35,5.8,6
35,5.9,6
35,6,6
35,6.1,6
35,6.2,6
35,6.3,6
35,6.4,6
35,6.5,6
35,6.6,6
35,6.7,6
35,6.8,6
35,6.9,6
35,7,6
35,7.1,6
35,7.2,6
35,7.3,6
35,7.4,6
35,7.5,6
35,7.6,6
35,7.7,6
35,7.8,6
35,7.9,6
35,8,0
35,8.1,0
35,8.2,0
35,8.3,0
35,8.4,0
35,8.5,0
35,8.6,0
35,8.7,0
35,8.8,0
35,8.9,0
35,9,0
35,9.1,0
35,9.2,0
35,9.3,0
35,9.4,0
35,9.5,0
35,9.6,0
35,9.7,0
35,9.8,0
35,9.9,0
35,10,0
35,10.1,0
35,10.2,0
35,10.3,0
35,10.4,0
35,10.5,0
35,10.6,0
35,10.7,0
35,10.8,0
35,10.9,0
35,11,0
35,11.1,0
35,11.2,0
35,11.3,0
35,11.4,0
35,11.5,0
35,11.6,0
35,11.7,0
35,11.8,0
35,11.9,0
35,12,0
35,12.1,0
35,12.2,0
35,12.3,0
35,12.4,0
35,12.5,0
35,12.6,0
35,12.7,0
35,12.8,0
35,12.9,0
35,13,0
35,13.1,0
35,13.2,0
35,13.3,0
35,13.4,0
35,13.5,0
35,13.6,0
35,13.7,0
35,13.8,0
35,13.9,0
35,14,0
40,0,6.5
40,0.1,6.5
40,0.2,6.5
40,0.3,6.5
40,0.4,6.5
40,0.5,6.5
40,0.6,6.5
40,0.7,6.5
40,0.8,6.5
40,0.9,6.5
40,1,6.5
40,1.1,6.5
40,1.2,6.5
40,1.3,6.5
40,1.4,6.5
40,1.5,6.5
40,1.6,6.5
40,1.7,6.5
40,1.8,6.5
40,1.9,6.5
40,2,6.5
40,2.1,6.5
40,2.2,6.5
40,2.3,6.5
40,2.4,6.5
40,2.5,6.5
40,2.6,6.5
40,2.7,6.5
40,2.8,6.5
40,2.9,6.5
40,3,6.5
40,3.1,6.5
40,3.2,6.5
40,3.3,6.5
40,3.4,6.5
40,3.5,6.5
40,3.6,6.5
40,3.7,6.5
40,3.8,6.5
40,3.9,6.5
40,4,6.5
40,4.1,6.5
40,4.2,6.5
40,4.3,6.5
40,4.4,6.5
40,4.5,6.5
40,4.6,6.5
40,4.7,6.5
40,4.8,6.5
40,4.9,6.5
40,5,6.5
40,5.1,6.5
40,5.2,6.5
40,5.3,6.5
40,5.4,6.5
40,5.5,6.5
40,5.6,6.5
40,5.7,6.5
40,5.8,6.5
40,5.9,6.5
40,6,6.5
40,6.1,6.5
40,6.2,6.5
40,6.3,6.5
40,6.4,6.5
40,6.5,6.5
40,6.6,6.5
40,6.7,6.5
40,6.8,6.5
40,6.9,6.5
40,7,6.5
40,7.1,6.5
40,7.2,6.5
40,7.3,6.5
40,7.4,6.5
40,7.5,6.5
40,7.6,6.5
40,7.7,6.5
40,7.8,6.5
40,7.9,6.5
40,8,0
40,8.1,0
40,8.2,0
40,8.3,0
40,8.4,0
40,8.5,0
40,8.6,0
40,8.7,0
40,8.8,0
40,8.9,0
40,9,0
40,9.1,0
40,9.2,0
40,9.3,0
40,9.4,0
40,9.5,0
40,9.6,0
40,9.7,0
40,9.8,0
40,9.9,0
40,10,0
40,10.1,0
40,10.2,0
40,10.3,0
40,10.4,0
40,10.5,0
40,10.6,0
40,10.7,0
40,10.8,0
40,10.9,0
40,11,0
40,11.1,0
40,11.2,0
40,11.3,0
40,11.4,0
40,11.5,0
40,11.6,0
40,11.7,0
40,11.8,0
40,11.9,0
40,12,0
40,12.1,0
40,12.2,0
40,12.3,0
40,12.4,0
40,12.5,0
40,12.6,0
40,12.7,0
40,12.8,0
40,12.9,0
40,13,0
40,13.1,0
40,13.2,0
40,13.3,0
40,13.4,0
40,13.5,0
40,13.6,0
40,13.7,0
40,13.8,0
40,13.9,0
40,14,0
45,0,7
45,0.1,7
45,0.2,7
45,0.3,7
45,0.4,7
45,0.5,7
45,0.6,7
45,0.7,7
45,0.8,7
45,0.9,7
45,1,7
45,1.1,7
45,1.2,7
45,1.3,7
45,1.4,7
45,1.5,7
45,1.6,7
45,1.7,7
45,1.8,7
45,1.9,7
45,2,7
45,2.1,7
45,2.2,7
45,2.3,7
45,2.4,7
45,2.5,7
45,2.6,7
45,2.7,7
45,2.8,7
45,2.9,7
45,3,7
45,3.1,7
45,3.2,7
45,3.3,7
45,3.4,7
45,3.5,7
45,3.6,7
45,3.7,7
45,3.8,7
45,3.9,7
45,4,7
45,4.1,7
45,4.2,7
45,4.3,7
45,4.4,7
45,4.5,7
45,4.6,7
45,4.7,7
45,4.8,7
45,4.9,7
45,5,7
45,5.1,7
45,5.2,7
45,5.3,7
45,5.4,7
45,5.5,7
45,5.6,7
45,5.7,7
45,5.8,7
45,5.9,7
45,6,7
45,6.1,7
45,6.2,7
45,6.3,7
45,6.4,7
45,6.5,7
45,6.6,7
45,6.7,7
45,6.8,7
45,6.9,7
45,7,7
45,7.1,7
45,7.2,7
45,7.3,7
45,7.4,7
45,7.5,7
45,7.6,7
45,7.7,7
45,7.8,7
45,7.9,7
45,8,0
45,8.1,0
45,8.2,0
45,8.3,0
45,8.4,0
45,8.5,0
45,8.6,0
45,8.7,0
45,8.8,0
45,8.9,0
45,9,0
45,9.1,0
45,9.2,0
45,9.3,0
45,9.4,0
45,9.5,0
45,9.6,0
45,9.7,0
45,9.8,0
45,9.9,0
45,10,0
45,10.1,0
45,10.2,0
45,10.3,0
45,10.4,0
45,10.5,0
45,10.6,0
45,10.7,0
45,10.8,0
45,10.9,0
45,11,0
45,11.1,0
45,11.2,0
45,11.3,0
45,11.4,0
45,11.5,0
45,11.6,0
45,11.7,0
45,11.8,0
45,11.9,0
45,12,0
45,12.1,0
45,12.2,0
45,12.3,0
45,12.4,0
45,12.5,0
45,12.6,0
45,12.7,0
45,12.8,0
45,12.9,0
45,13,0
45,13.1,0
45,13.2,0
45,13.3,0
45,13.4,0
45,13.5,0
45,13.6,0
45,13.7,0
45,13.8,0
45,13.9,0
45,14,0
50,0,7.5
50,0.1,7.5
50,0.2,7.5
50,0.3,7.5
50,0.4,7.5
50,0.5,7.5
50,0.6,7.5
50,0.7,7.5
50,0.8,7.5
50,0.9,7.5
50,1,7.5
50,1.1,7.5
50,1.2,7.5
50,1.3,7.5
50,1.4,7.5
50,1.5,7.5
50,1.6,7.5
50,1.7,7.5
50,1.8,7.5
50,1.9,7.5
50,2,7.5
50,2.1,7.5
50,2.2,7.5
50,2.3,7.5
50,2.4,7.5
50,2.5,7.5
50,2.6,7.5
50,2.7,7.5
50,2.8,7.5
50,2.9,7.5
50,3,7.5
50,3.1,7.5
50,3.2,7.5
50,3.3,7.5
50,3.4,7.5
50,3.5,7.5
50,3.6,7.5
50,3.7,7.5
50,3.8,7.5
50,3.9,7.5
50,4,7.5
50,4.1,7.5
50,4.2,7.5
50,4.3,7.5
50,4.4,7.5
50,4.5,7.5
50,4.6,7.5
50,4.7,7.5
50,4.8,7.5
50,4.9,7.5
50,5,7.5
50,5.1,7.5
50,5.2,7.5
50,5.3,7.5
50,5.4,7.5
50,5.5,7.5
50,5.6,7.5
50,5.7,7.5
50,5.8,7.5
50,5.9,7.5
50,6,7.5
50,6.1,7.5
50,6.2,7.5
50,6.3,7.5
50,6.4,7.5
50,6.5,7.5
50,6.6,7.5
50,6.7,7.5
50,6.8,7.5
50,6.9,7.5
50,7,7.5
50,7.1,7.5
50,7.2,7.5
50,7.3,7.5
50,7.4,7.5
50,7.5,7.5
50,7.6,7.5
50,7.7,7.5
50,7.8,7.5
50,7.9,7.5
50,8,0
50,8.1,0
50,8.2,0
50,8.3,0
50,8.4,0
50,8.5,0
50,8.6,0
50,8.7,0
50,8.8,0
50,8.9,0
50,9,0
50,9.1,0
50,9.2,0
50,9.3,0
50,9.4,0
50,9.5,0
50,9.6,0
50,9.7,0
50,9.8,0
50,9.9,0
50,10,0
50,10.1,0
50,10.2,0
50,10.3,0
50,10.4,0
50,10.5,0
50,10.6,0
50,10.7,0
50,10.8,0
50,10.9,0
50,11,0
50,11.1,0
50,11.2,0
50,11.3,0
50,11.4,0
50,11.5,0
50,11.6,0
50,11.7,0
50,11.8,0
50,11.9,0
50,12,0
50,12.1,0
50,12.2,0
50,12.3,0
50,12.4,0
50,12.5,0
50,12.6,0
50,12.7,0
50,12.8,0
50,12.9,0
50,13,0
50,13.1,0
50,13.2,0
50,13.3,0
50,13.4,0
50,13.5,0
50,13.6,0
50,13.7,0
50,13.8,0
50,13.9,0
50,14,0
55,0,8
55,0.1,8
55,0.2,8
55,0.3,8
55,0.4,8
55,0.5,8
55,0.6,8
55,0.7,8
55,0.8,8
55,0.9,8
55,1,8
55,1.1,8
55,1.2,8
55,1.3,8
55,1.4,8
55,1.5,8
55,1.6,8
55,1.7,8
55,1.8,8
55,1.9,8
55,2,8
55,2.1,8
55,2.2,8
55,2.3,8
55,2.4,8
55,2.5,8
55,2.6,8
55,2.7,8
55,2.8,8
55,2.9,8
55,3,8
55,3.1,8
55,3.2,8
55,3.3,8
55,3.4,8
55,3.5,8
55,3.6,8
55,3.7,8
55,3.8,8
55,3.9,8
55,4,8
55,4.1,8
55,4.2,8
55,4.3,8
55,4.4,8
55,4.5,8
55,4.6,8
55,4.7,8
55,4.8,8
55,4.9,8
55,5,8
55,5.1,8
55,5.2,8
55,5.3,8
55,5.4,8
55,5.5,8
55,5.6,8
55,5.7,8
55,5.8,8
55,5.9,8
55,6,8
55,6.1,8
55,6.2,8
55,6.3,8
55,6.4,8
55,6.5,8
55,6.6,8
55,6.7,8
55,6.8,8
55,6.9,8
55,7,8
55,7.1,8
55,7.2,8
55,7.3,8
55,7.4,8
55,7.5,8
55,7.6,8
55,7.7,8
55,7.8,8
55,7.9,8
55,8,0
55,8.1,0
55,8.2,0
55,8.3,0
55,8.4,0
55,8.5,0
55,8.6,0
55,8.7,0
55,8.8,0
55,8.9,0
55,9,0
55,9.1,0
55,9.2,0
55,9.3,0
55,9.4,0
55,9.5,0
55,9.6,0
55,9.7,0
55,9.8,0
55,9.9,0
55,10,0
55,10.1,0
55,10.2,0
55,10.3,0
55,10.4,0
55,10.5,0
55,10.6,0
55,10.7,0
55,10.8,0
55,10.9,0
55,11,0
55,11.1,0
55,11.2,0
55,11.3,0
55,11.4,0
55,11.5,0
55,11.6,0
55,11.7,0
55,11.8,0
55,11.9,0
55,12,0
55,12.1,0
55,12.2,0
55,12.3,0
55,12.4,0
55,12.5,0
55,12.6,0
55,12.7,0
55,12.8,0
55,12.9,0
55,13,0
55,13.1,0
55,13.2,0
55,13.3,0
55,13.4,0
55,13.5,0
55,13.6,0
55,13.7,0
55,13.8,0
55,13.9,0
55,14,0
60,0,8.5
60,0.1,8.5
60,0.2,8.5
60,0.3,8.5
60,0.4,8.5
60,0.5,8.5
60,0.6,8.5
60,0.7,8.5
60,0.8,8.5
60,0.9,8.5
60,1,8.5
60,1.1,8.5
60,1.2,8.5
60,1.3,8.5
60,1.4,8.5
60,1.5,8.5
60,1.6,8.5
60,1.7,8.5
60,1.8,8.5
60,1.9,8.5
60,2,8.5
60,2.1,8.5
60,2.2,8.5
60,2.3,8.5
60,2.4,8.5
60,2.5,8.5
60,2.6,8.5
60,2.7,8.5
60,2.8,8.5
60,2.9,8.5
60,3,8.5
60,3.1,8.5
60,3.2,8.5
60,3.3,8.5
60,3.4,8.5
60,3.5,8.5
60,3.6,8.5
60,3.7,8.5
60,3.8,8.5
60,3.9,8.5
60,4,8.5
60,4.1,8.5
60,4.2,8.5
60,4.3,8.5
60,4.4,8.5
60,4.5,8.5
60,4.6,8.5
60,4.7,8.5
60,4.8,8.5
60,4.9,8.5
60,5,8.5
60,5.1,8.5
60,5.2,8.5
60,5.3,8.5
60,5.4,8.5
60,5.5,8.5
60,5.6,8.5
60,5.7,8.5
60,5.8,8.5
60,5.9,8.5
60,6,8.5
60,6.1,8.5
60,6.2,8.5
60,6.3,8.5
60,6.4,8.5
60,6.5,8.5
60,6.6,8.5
60,6.7,8.5
60,6.8,8.5
60,6.9,8.5
60,7,8.5
60,7.1,8.5
60,7.2,8.5
60,7.3,8.5
60,7.4,8.5
60,7.5,8.5
60,7.6,8.5
60,7.7,8.5
60,7.8,8.5
60,7.9,8.5
60,8,0
60,8.1,0
60,8.2,0
60,8.3,0
60,8.4,0
60,8.5,0
60,8.6,0
60,8.7,0
60,8.8,0
60,8.9,0
60,9,0
60,9.1,0
60,9.2,0
60,9.3,0
60,9.4,0
60,9.5,0
60,9.6,0
60,9.7,0
60,9.8,0
60,9.9,0
60,10,0
60,10.1,0
60,10.2,0
60,10.3,0
60,10.4,0
60,10.5,0
60,10.6,0
60,10.7,0
60,10.8,0
60,10.9,0
60,11,0
60,11.1,0
60,11.2,0
60,11.3,0
60,11.4,0
60,11.5,0
60,11.6,0
60,11.7,0
60,11.8,0
60,11.9,0
60,12,0
60,12.1,0
60,12.2,0
60,12.3,0
60,12.4,0
60,12.5,0
60,12.6,0
60,12.7,0
60,12.8,0
60,12.9,0
60,13,0
60,13.1,0
60,13.2,0
60,13.3,0
60,13.4,0
60,13.5,0
60,13.6,0
60,13.7,0
60,13.8,0
60,13.9,0
60,14,0
65,0,9
65,0.1,9
65,0.2,9
65,0.3,9
65,0.4,9
65,0.5,9
65,0.6,9
65,0.7,9
65,0.8,9
65,0.9,9
65,1,9
65,1.1,9
65,1.2,9
65,1.3,9
65,1.4,9
65,1.5,9
65,1.6,9
65,1.7,9
65,1.8,9
65,1.9,9
65,2,9
65,2.1,9
65,2.2,9
65,2.3,9
65,2.4,9
65,2.5,9
65,2.6,9
65,2.7,9
65,2.8,9
65,2.9,9
65,3,9
65,3.1,9
65,3.2,9
65,3.3,9
65,3.4,9
65,3.5,9
65,3.6,9
65,3.7,9
65,3.8,9
65,3.9,9
65,4,9
65,4.1,9
65,4.2,9
65,4.3,9
65,4.4,9
65,4.5,9
65,4.6,9
65,4.7,9
65,4.8,9
65,4.9,9
65,5,9
65,5.1,9
65,5.2,9
65,5.3,9
65,5.4,9
65,5.5,9
65,5.6,9
65,5.7,9
65,5.8,9
65,5.9,9
65,6,9
65,6.1,9
65,6.2,9
65,6.3,9
65,6.4,9
65,6.5,9
65,6.6,9
65,6.7,9
65,6.8,9
65,6.9,9
65,7,9
65,7.1,9
65,7.2,9
65,7.3,9
65,7.4,9
65,7.5,9
65,7.6,9
65,7.7,9
65,7.8,9
65,7.9,9
65,8,0
65,8.1,0
65,8.2,0
65,8.3,0
65,8.4,0
65,8.5,0
65,8.6,0
65,8.7,0
65,8.8,0
65,8.9,0
65,9,0
65,9.1,0
65,9.2,0
65,9.3,0
65,9.4,0
65,9.5,0
65,9.6,0
65,9.7,0
65,9.8,0
65,9.9,0
65,10,0
65,10.1,0
65,10.2,0
65,10.3,0
65,10.4,0
65,10.5,0
65,10.6,0
65,10.7,0
65,10.8,0
65,10.9,0
65,11,0
65,11.1,0
65,11.2,0
65,11.3,0
65,11.4,0
65,11.5,0
65,11.6,0
65,11.7,0
65,11.8,0
65,11.9,0
65,12,0
65,12.1,0
65,12.2,0
65,12.3,0
65,12.4,0
65,12.5,0
65,12.6,0
65,12.7,0
65,12.8,0
65,12.9,0
65,13,0
65,13.1,0
65,13.2,0
65,13.3,0
65,13.4,0
65,13.5,0
65,13.6,0
65,13.7,0
65,13.8,0
65,13.9,0
65,14,0
